-- MySQL dump 10.13  Distrib 8.0.41, for Linux (x86_64)
--
-- Host: localhost    Database: AffectationCours
-- ------------------------------------------------------
-- Server version	8.0.41-0ubuntu0.24.04.1

/*!40101 SET @OLD_CHARACTER_SET_CLIENT=@@CHARACTER_SET_CLIENT */;
/*!40101 SET @OLD_CHARACTER_SET_RESULTS=@@CHARACTER_SET_RESULTS */;
/*!40101 SET @OLD_COLLATION_CONNECTION=@@COLLATION_CONNECTION */;
/*!50503 SET NAMES utf8mb4 */;
/*!40103 SET @OLD_TIME_ZONE=@@TIME_ZONE */;
/*!40103 SET TIME_ZONE='+00:00' */;
/*!40014 SET @OLD_UNIQUE_CHECKS=@@UNIQUE_CHECKS, UNIQUE_CHECKS=0 */;
/*!40014 SET @OLD_FOREIGN_KEY_CHECKS=@@FOREIGN_KEY_CHECKS, FOREIGN_KEY_CHECKS=0 */;
/*!40101 SET @OLD_SQL_MODE=@@SQL_MODE, SQL_MODE='NO_AUTO_VALUE_ON_ZERO' */;
/*!40111 SET @OLD_SQL_NOTES=@@SQL_NOTES, SQL_NOTES=0 */;

--
-- Table structure for table `Affectation`
--

DROP TABLE IF EXISTS `Affectation`;
/*!40101 SET @saved_cs_client     = @@character_set_client */;
/*!50503 SET character_set_client = utf8mb4 */;
CREATE TABLE `Affectation` (
  `CodeEnseignantfk` varchar(50) NOT NULL,
  `CodeCoursfk` varchar(50) NOT NULL,
  PRIMARY KEY (`CodeEnseignantfk`,`CodeCoursfk`),
  KEY `CodeCoursfk` (`CodeCoursfk`),
  CONSTRAINT `Affectation_ibfk_1` FOREIGN KEY (`CodeCoursfk`) REFERENCES `Cours` (`CodeCours`),
  CONSTRAINT `Affectation_ibfk_2` FOREIGN KEY (`CodeEnseignantfk`) REFERENCES `Enseignant` (`CodeEnseignant`)
) ENGINE=InnoDB DEFAULT CHARSET=utf8mb4 COLLATE=utf8mb4_0900_ai_ci;
/*!40101 SET character_set_client = @saved_cs_client */;

--
-- Dumping data for table `Affectation`
--

LOCK TABLES `Affectation` WRITE;
/*!40000 ALTER TABLE `Affectation` DISABLE KEYS */;
/*!40000 ALTER TABLE `Affectation` ENABLE KEYS */;
UNLOCK TABLES;

--
-- Table structure for table `Classe`
--

DROP TABLE IF EXISTS `Classe`;
/*!40101 SET @saved_cs_client     = @@character_set_client */;
/*!50503 SET character_set_client = utf8mb4 */;
CREATE TABLE `Classe` (
  `CodeClasse` varchar(50) NOT NULL,
  `description` varchar(50) DEFAULT NULL,
  `CodeEtablissementfk` varchar(50) DEFAULT NULL,
  PRIMARY KEY (`CodeClasse`),
  KEY `CodeEtablissementfk` (`CodeEtablissementfk`),
  CONSTRAINT `Classe_ibfk_1` FOREIGN KEY (`CodeEtablissementfk`) REFERENCES `Etablissement` (`CodeEtablissement`)
) ENGINE=InnoDB DEFAULT CHARSET=utf8mb4 COLLATE=utf8mb4_0900_ai_ci;
/*!40101 SET character_set_client = @saved_cs_client */;

--
-- Dumping data for table `Classe`
--

LOCK TABLES `Classe` WRITE;
/*!40000 ALTER TABLE `Classe` DISABLE KEYS */;
INSERT INTO `Classe` VALUES ('ESI1','Premiere annee','ESI'),('ESI2','Deuxieme annee','ESI'),('ESI3','Troisieme  annee','ESI');
/*!40000 ALTER TABLE `Classe` ENABLE KEYS */;
UNLOCK TABLES;

--
-- Table structure for table `Competence`
--

DROP TABLE IF EXISTS `Competence`;
/*!40101 SET @saved_cs_client     = @@character_set_client */;
/*!50503 SET character_set_client = utf8mb4 */;
CREATE TABLE `Competence` (
  `CodeCompetence` varchar(50) NOT NULL,
  `Description` varchar(100) DEFAULT NULL,
  PRIMARY KEY (`CodeCompetence`)
) ENGINE=InnoDB DEFAULT CHARSET=utf8mb4 COLLATE=utf8mb4_0900_ai_ci;
/*!40101 SET character_set_client = @saved_cs_client */;

--
-- Dumping data for table `Competence`
--

LOCK TABLES `Competence` WRITE;
/*!40000 ALTER TABLE `Competence` DISABLE KEYS */;
INSERT INTO `Competence` VALUES ('D1INF1100cm','Utilisation des systèmes d\'exploitation les plus courants'),('D1INF1100tp','Utilisation des systèmes d\'exploitation les plus courants tp'),('D1INF1101cm','Algorithmique et structures de données statiques cm'),('D1INF1101td','Algorithmique et structures de données statiques td'),('D1INF1102cm','Programmation cm'),('D1INF1102tp','Programmation tp'),('D1INF1103cm','Logique et raisonnement cm'),('D1INF1103td','Logique et raisonnement td'),('D1INF1104cm','Analyse 1 cm'),('D1INF1104td','Analyse 1 td'),('D1INF1105cm','Statistiques descriptives cm'),('D1INF1105td','Statistiques descriptives td'),('D1INF1106cm','Électrocinétique cm'),('D1INF1106td','Électrocinétique td'),('D1INF1106tp','Électrocinétique tp'),('D1INF1107cm','Comptabilité Générale cm'),('D1INF1107td','Comptabilité Générale td'),('D1INF1108cm','Anglais 1 cm'),('D1INF1108td','Anglais 1 td'),('D1INF1600cm','Algorithmique et structures de données dynamiques cm'),('D1INF1600td','Algorithmique et structures de données dynamiques td'),('D1INF1600tp','Algorithmique et structures de données dynamiques tp'),('D1INF1601cm','Électronique numérique cm'),('D1INF1601td','Électronique numérique td'),('D1INF1601tp','Électronique numérique tp'),('D1INF1602cm','Architecture et fonctionnement des ordinateurs cm'),('D1INF1602td','Architecture et fonctionnement des ordinateurs td'),('D1INF1602tp','Architecture et fonctionnement des ordinateurs tp'),('D1INF1603cm','Algèbre générale cm'),('D1INF1603td','Algèbre générale td'),('D1INF1604cm','Analyse 2 cm'),('D1INF1604td','Analyse 2 td'),('D1INF1605cm','Électronique analogique cm'),('D1INF1605td','Électronique analogique td'),('D1INF1606cm','Économie générale cm'),('D1INF1607cm','Anglais 2 cm'),('D1INF1607td','Anglais 2 td'),('D1INF2100cm','Algorithmiques, structures de données et complexite cm'),('D1INF2100td','Algorithmiques, structures de données et complexite td'),('D1INF2100tp','Algorithmiques, structures de données et complexite tp'),('D1INF2101cm','Programmation orientée objet cm'),('D1INF2101tp','Programmation orientée objet tp'),('D1INF2102cm','Utilisation des systèmes d\'exploitation Unix/Linux cm'),('D1INF2102tp','Utilisation des systèmes d\'exploitation Unix/Linux tp'),('D1INF2104cm','Probabilités cm'),('D1INF2104td','Probabilités td'),('D1INF2105cm','Probabilités cm'),('D1INF2105td','Probabilités td'),('D1INF2106cm','Électrotechnique cm'),('D1INF2106td','Électrotechnique td'),('D1INF2107cm','Droit (travail, sociétés, TIC) cm'),('D1INF2107td','Droit (travail, sociétés, TIC) td'),('D1INF2108cm','Anglais 3 cm'),('D1INF2108td','Anglais 3 td'),('D1INF2109cm','Comptabilité analytique cm'),('D1INF2109td','Comptabilité analytique td'),('D1INF2600cm','Architectures clients / serveurs cm'),('D1INF2600tp','Architectures clients / serveurs tp'),('D1INF26012cm','Sécurité informatique cm'),('D1INF26012td','Sécurité informatique td'),('D1INF26012tp','Sécurité informatique tp'),('D1INF26013cm','Modèle relationnel et bases de données cm'),('D1INF26013td','Modèle relationnel et bases de données td'),('D1INF26013tp','Modèle relationnel et bases de données tp'),('D1INF26014cm','Architectures et technologies des réseaux cm'),('D1INF26014tp','Architectures et technologies des réseaux tp'),('D1INF26015cm','Modèles OSI et TCP/IP cm'),('D1INF26015td','Modèles OSI et TCP/IP td'),('D1INF26015tp','Modèles OSI et TCP/IP tp'),('D1INF26016cm','Analyse numérique matricielle cm'),('D1INF26016td','Analyse numérique matricielle td'),('D1INF26016tp','Analyse numérique matricielle tp'),('D1INF26017cm','Connaissance de l\'entreprise cm'),('D1INF26017td','Connaissance de l\'entreprise td'),('D1INF26018tp','Projet tutoré tp'),('D1INF2601cm','Statistique inférentielle cm'),('D1INF2601td','Statistique inférentielle td'),('D1INF2601tp','Statistique inférentielle tp'),('D1INF3110cm','Administration réseaux cm'),('D1INF3110tp','Administration réseaux tp'),('D1INF3111cm','Création d\'entreprise cm'),('D1INF3111td','Création d\'entreprise td'),('D1INF3112cm','Anglais 4 cm'),('D1INF3112td','Anglais 4 td'),('D1INF3113cm','Optimisation cm'),('D1INF3113tp','Optimisation tp'),('D1INF3114cm','Conduite de projets informatiques cm'),('D1INF3114td','Conduite de projets informatiques td'),('D1INF3114tp','Conduite de projets informatiques tp'),('D1INF3115cm','Conception des systèmes d\'information cm'),('D1INF3115td','Conception des systèmes d\'information td'),('D1INF3115tp','Conception des systèmes d\'information tp'),('D1INF3116cm','Administration des bases de données cm'),('D1INF3116tp','Administration des bases de données tp'),('D1INF3117cm','Techniques de compilation cm'),('D1INF3117tp','Techniques de compilation tp'),('D1INF3118cm','Programmation orientée objet avancée cm'),('D1INF3118tp','Programmation orientée objet avancée tp'),('D1INF3120cm','Administration réseaux avancé cm'),('D1INF3120tp','Administration réseaux avancé tp'),('D1INF3121cm','Conception de réseaux locaux cm'),('D1INF3121td','Conception de réseaux locaux tp'),('D1INF3122cm','Création d\'entreprise cm'),('D1INF3122tp','Création d\'entreprise tp'),('D1INF3123cm','Anglais 4 cm'),('D1INF3123td','Anglais 4 td'),('D1INF3124cm','Traitement du signal cm'),('D1INF3124td','Traitement du signal td'),('D1INF3124tp','Traitement du signal tp'),('D1INF3125cm','Diagnostic et maintenance materiel cm'),('D1INF3125tp','Diagnostic et maintenance materiel tp'),('D1INF3126cm','Informatique Industrielle (automates programmable et graphcets cm'),('D1INF3126tp','Informatique Industrielle (automates programmable et graphcets tp'),('D1INF3127cm','Technologies émergentes cm'),('D1INF3127tp','Technologies émergentes tp'),('D1INF3128cm','Programmation Système cm'),('D1INF3128tp','Programmation Système tp'),('D1INF3129cm','Déploiement de réseaux locaux et metropolitains cm'),('D1INF3129tp','Déploiement de réseaux locaux et metropolitains tp'),('D2INF1100cm','Bureautique td'),('D2INF1100td','Bureautique cm'),('D2INF1106cm','Électrostatique cm'),('D2INF1106td','Électrostatique td'),('D2INF1108cm','Techniques d\'expression 1 cm'),('D2INF1108td','Techniques d\'expression 1 td'),('D2INF1600cm','Introduction à la programmation web cm'),('D2INF1600tp','Introduction à la programmation web tp'),('D2INF1603cm','Algèbre linéaire 1 cm'),('D2INF1603td','Algèbre linéaire 1 td'),('D2INF1605cm','Électromagnétisme cm'),('D2INF1605td','Électromagnétisme td'),('D2INF1607cm','Techniques d\'expression 2 cm'),('D2INF1607td','Techniques d\'expression 2 td'),('D2INF2102cm','Conception des systèmes d\'exploitation cm'),('D2INF2102td','Conception des systèmes d\'exploitation td'),('D2INF2103cm','Algèbre linéaire 2 cm'),('D2INF2103td','Algèbre linéaire 2 td'),('D2INF2106cm','Électronique de puissance cm'),('D2INF2106td','Électronique de puissance td'),('D2INF2600cm','Administration des systèmes d\'exploitation cm'),('D2INF2600tp','Administration des systèmes d\'exploitation tp'),('D2INF26015tp','Routage IP tp'),('D2INF26017cm','Communication en entreprise cm'),('D2INF26017td','Communication en entreprise td'),('D2INF3114','Projet tutoré'),('D2INF3115cm','Analyse et conception orientée objets cm'),('D2INF3115td','Analyse et conception orientée objets td'),('D2INF3115tp','Analyse et conception orientée objets tp'),('D2INF3118cm','Programmation Web avancée cm'),('D2INF3118tp','Programmation Web avancée tp'),('D2INF3120cm','Administration réseaux cm'),('D2INF3120td','Administration réseaux tp'),('D2INF3129cm','Infrastructures des réseaux mobiles cm'),('D2INF3129td','Infrastructures des réseaux mobiles td'),('D3INF26017cm','Analyse financière cm'),('D3INF26017td','Analyse financière td'),('D3INF3114cm','IHM cm'),('D3INF3114tp','IHM tp'),('D3INF3118cm','Développement mobile cm'),('D3INF3118tp','Développement mobile tp'),('D3INF3129','Projet tutoré'),('N1INF1100cm','Utilisation des systèmes d\'exploitation les plus courants'),('N1INF1100tp','Utilisation des systèmes d\'exploitation les plus courants tp'),('N1INF1101cm','Algorithmique et structures de données statiques cm'),('N1INF1101td','Algorithmique et structures de données statiques td'),('N1INF1102cm','Programmation cm'),('N1INF1102tp','Programmation tp'),('N1INF1103cm','Logique et raisonnement cm'),('N1INF1103td','Logique et raisonnement td'),('N1INF1104cm','Analyse 1 cm'),('N1INF1104td','Analyse 1 td'),('N1INF1105cm','Statistiques descriptives cm'),('N1INF1105td','Statistiques descriptives td'),('N1INF1106cm','Électrocinétique cm'),('N1INF1106td','Électrocinétique td'),('N1INF1106tp','Électrocinétique tp'),('N1INF1107cm','Comptabilité Générale cm'),('N1INF1107td','Comptabilité Générale td'),('N1INF1108cm','Anglais 1 cm'),('N1INF1108td','Anglais 1 td'),('N1INF1600cm','Algorithmique et structures de données dynamiques cm'),('N1INF1600td','Algorithmique et structures de données dynamiques td'),('N1INF1600tp','Algorithmique et structures de données dynamiques tp'),('N1INF1601cm','Électronique numérique cm'),('N1INF1601td','Électronique numérique td'),('N1INF1601tp','Électronique numérique tp'),('N1INF1602cm','Architecture et fonctionnement des ordinateurs cm'),('N1INF1602td','Architecture et fonctionnement des ordinateurs td'),('N1INF1602tp','Architecture et fonctionnement des ordinateurs tp'),('N1INF1603cm','Algèbre générale cm'),('N1INF1603td','Algèbre générale td'),('N1INF1604cm','Analyse 2 cm'),('N1INF1604td','Analyse 2 td'),('N1INF1605cm','Électronique analogique cm'),('N1INF1605td','Électronique analogique td'),('N1INF1606cm','Économie générale cm'),('N1INF1607cm','Anglais 2 cm'),('N1INF1607td','Anglais 2 td'),('N1INF2100cm','Algorithmiques, structures de données et complexite cm'),('N1INF2100td','Algorithmiques, structures de données et complexite td'),('N1INF2100tp','Algorithmiques, structures de données et complexite tp'),('N1INF2101cm','Programmation orientée objet cm'),('N1INF2101tp','Programmation orientée objet tp'),('N1INF2102cm','Utilisation des systèmes d\'exploitation Unix/Linux cm'),('N1INF2102tp','Utilisation des systèmes d\'exploitation Unix/Linux tp'),('N1INF2104cm','Probabilités cm'),('N1INF2104td','Probabilités td'),('N1INF2105cm','Probabilités cm'),('N1INF2105td','Probabilités td'),('N1INF2106cm','Électrotechnique cm'),('N1INF2106td','Électrotechnique td'),('N1INF2107cm','Droit (travail, sociétés, TIC) cm'),('N1INF2107td','Droit (travail, sociétés, TIC) td'),('N1INF2108cm','Anglais 3 cm'),('N1INF2108td','Anglais 3 td'),('N1INF2109cm','Comptabilité analytique cm'),('N1INF2109td','Comptabilité analytique td'),('N1INF2600cm','Architectures clients / serveurs cm'),('N1INF2600tp','Architectures clients / serveurs tp'),('N1INF26012cm','Sécurité informatique cm'),('N1INF26012td','Sécurité informatique td'),('N1INF26012tp','Sécurité informatique tp'),('N1INF26013cm','Modèle relationnel et bases de données cm'),('N1INF26013td','Modèle relationnel et bases de données td'),('N1INF26013tp','Modèle relationnel et bases de données tp'),('N1INF26014cm','Architectures et technologies des réseaux cm'),('N1INF26014tp','Architectures et technologies des réseaux tp'),('N1INF26015cm','Modèles OSI et TCP/IP cm'),('N1INF26015td','Modèles OSI et TCP/IP td'),('N1INF26015tp','Modèles OSI et TCP/IP tp'),('N1INF26016cm','Analyse numérique matricielle cm'),('N1INF26016td','Analyse numérique matricielle td'),('N1INF26016tp','Analyse numérique matricielle tp'),('N1INF26017cm','Connaissance de l\'entreprise cm'),('N1INF26017td','Connaissance de l\'entreprise td'),('N1INF26018tp','Projet tutoré tp'),('N1INF2601cm','Statistique inférentielle cm'),('N1INF2601td','Statistique inférentielle td'),('N1INF2601tp','Statistique inférentielle tp'),('N1INF3110cm','Administration réseaux cm'),('N1INF3110tp','Administration réseaux tp'),('N1INF3111cm','Création d\'entreprise cm'),('N1INF3111td','Création d\'entreprise td'),('N1INF3112cm','Anglais 4 cm'),('N1INF3112td','Anglais 4 td'),('N1INF3113cm','Optimisation cm'),('N1INF3113tp','Optimisation tp'),('N1INF3114cm','Conduite de projets informatiques cm'),('N1INF3114td','Conduite de projets informatiques td'),('N1INF3114tp','Conduite de projets informatiques tp'),('N1INF3115cm','Conception des systèmes d\'information cm'),('N1INF3115td','Conception des systèmes d\'information td'),('N1INF3115tp','Conception des systèmes d\'information tp'),('N1INF3116cm','Administration des bases de données cm'),('N1INF3116tp','Administration des bases de données tp'),('N1INF3117cm','Techniques de compilation cm'),('N1INF3117tp','Techniques de compilation tp'),('N1INF3118cm','Programmation orientée objet avancée cm'),('N1INF3118tp','Programmation orientée objet avancée tp'),('N1INF3120cm','Administration réseaux avancé cm'),('N1INF3120tp','Administration réseaux avancé tp'),('N1INF3121cm','Conception de réseaux locaux cm'),('N1INF3121td','Conception de réseaux locaux tp'),('N1INF3122cm','Création d\'entreprise cm'),('N1INF3122tp','Création d\'entreprise tp'),('N1INF3123cm','Anglais 4 cm'),('N1INF3123td','Anglais 4 td'),('N1INF3124cm','Traitement du signal cm'),('N1INF3124td','Traitement du signal td'),('N1INF3124tp','Traitement du signal tp'),('N1INF3125cm','Diagnostic et maintenance materiel cm'),('N1INF3125tp','Diagnostic et maintenance materiel tp'),('N1INF3126cm','Informatique Industrielle (automates programmable et graphcets cm'),('N1INF3126tp','Informatique Industrielle (automates programmable et graphcets tp'),('N1INF3127cm','Technologies émergentes cm'),('N1INF3127tp','Technologies émergentes tp'),('N1INF3128cm','Programmation Système cm'),('N1INF3128tp','Programmation Système tp'),('N1INF3129cm','Déploiement de réseaux locaux et metropolitains cm'),('N1INF3129tp','Déploiement de réseaux locaux et metropolitains tp'),('N2INF1100cm','Bureautique td'),('N2INF1100td','Bureautique cm'),('N2INF1106cm','Électrostatique cm'),('N2INF1106td','Électrostatique td'),('N2INF1108cm','Techniques d\'expression 1 cm'),('N2INF1108td','Techniques d\'expression 1 td'),('N2INF1600cm','Introduction à la programmation web cm'),('N2INF1600tp','Introduction à la programmation web tp'),('N2INF1603cm','Algèbre linéaire 1 cm'),('N2INF1603td','Algèbre linéaire 1 td'),('N2INF1605cm','Électromagnétisme cm'),('N2INF1605td','Électromagnétisme td'),('N2INF1607cm','Techniques d\'expression 2 cm'),('N2INF1607td','Techniques d\'expression 2 td'),('N2INF2102cm','Conception des systèmes d\'exploitation cm'),('N2INF2102td','Conception des systèmes d\'exploitation td'),('N2INF2103cm','Algèbre linéaire 2 cm'),('N2INF2103td','Algèbre linéaire 2 td'),('N2INF2106cm','Électronique de puissance cm'),('N2INF2106td','Électronique de puissance td'),('N2INF2600cm','Administration des systèmes d\'exploitation cm'),('N2INF2600tp','Administration des systèmes d\'exploitation tp'),('N2INF26015tp','Routage IP tp'),('N2INF26017cm','Communication en entreprise cm'),('N2INF26017td','Communication en entreprise td'),('N2INF3114','Projet tutoré'),('N2INF3115cm','Analyse et conception orientée objets cm'),('N2INF3115td','Analyse et conception orientée objets td'),('N2INF3115tp','Analyse et conception orientée objets tp'),('N2INF3118cm','Programmation Web avancée cm'),('N2INF3118tp','Programmation Web avancée tp'),('N2INF3120cm','Administration réseaux cm'),('N2INF3120td','Administration réseaux tp'),('N2INF3129cm','Infrastructures des réseaux mobiles cm'),('N2INF3129td','Infrastructures des réseaux mobiles td'),('N3INF26017cm','Analyse financière cm'),('N3INF26017td','Analyse financière td'),('N3INF3114cm','IHM cm'),('N3INF3114tp','IHM tp'),('N3INF3118cm','Développement mobile cm'),('N3INF3118tp','Développement mobile tp'),('N3INF3129','Projet tutoré');
/*!40000 ALTER TABLE `Competence` ENABLE KEYS */;
UNLOCK TABLES;

--
-- Table structure for table `CompetencePossede`
--

DROP TABLE IF EXISTS `CompetencePossede`;
/*!40101 SET @saved_cs_client     = @@character_set_client */;
/*!50503 SET character_set_client = utf8mb4 */;
CREATE TABLE `CompetencePossede` (
  `CodeCompetencefk` varchar(50) NOT NULL,
  `CodeEnseignantfk` varchar(50) NOT NULL,
  PRIMARY KEY (`CodeCompetencefk`,`CodeEnseignantfk`),
  KEY `CodeEnseignantfk` (`CodeEnseignantfk`),
  CONSTRAINT `CompetencePossede_ibfk_1` FOREIGN KEY (`CodeEnseignantfk`) REFERENCES `Enseignant` (`CodeEnseignant`),
  CONSTRAINT `CompetencePossede_ibfk_2` FOREIGN KEY (`CodeCompetencefk`) REFERENCES `Competence` (`CodeCompetence`)
) ENGINE=InnoDB DEFAULT CHARSET=utf8mb4 COLLATE=utf8mb4_0900_ai_ci;
/*!40101 SET character_set_client = @saved_cs_client */;

--
-- Dumping data for table `CompetencePossede`
--

LOCK TABLES `CompetencePossede` WRITE;
/*!40000 ALTER TABLE `CompetencePossede` DISABLE KEYS */;
INSERT INTO `CompetencePossede` VALUES ('D1INF26018tp','1'),('D1INF3127cm','1'),('D1INF3127tp','1'),('D2INF1100td','10'),('N1INF1100tp','10'),('N1INF1101td','10'),('N1INF1102tp','10'),('N1INF2102cm','10'),('N1INF2102tp','10'),('N1INF2600tp','10'),('N1INF26012tp','10'),('N1INF26014cm','10'),('N1INF26014tp','10'),('N1INF26015cm','10'),('N1INF26015td','10'),('N1INF3110tp','10'),('N1INF3120tp','10'),('N1INF3121td','10'),('N2INF2600tp','10'),('N2INF26015tp','10'),('N2INF3120cm','10'),('N2INF3120td','10'),('D1INF1600cm','102 929 F'),('D1INF1600td','102 929 F'),('D1INF1600tp','102 929 F'),('D1INF26013cm','102 929 F'),('D1INF26013td','102 929 F'),('D1INF26013tp','102 929 F'),('D1INF3116cm','102 929 F'),('D1INF3116tp','102 929 F'),('N1INF1101cm','102 929 F'),('N1INF1101td','102 929 F'),('N1INF1102cm','102 929 F'),('N1INF1102tp','102 929 F'),('N1INF2101cm','102 929 F'),('N1INF2101tp','102 929 F'),('N1INF2600cm','102 929 F'),('N1INF2600tp','102 929 F'),('N2INF1600cm','102 929 F'),('N2INF1600tp','102 929 F'),('D1INF3117cm','110980A'),('D1INF3117tp','110980A'),('D1INF3128cm','110980A'),('D1INF3128tp','110980A'),('D1INF1101cm','13'),('D1INF1101td','13'),('D1INF1102cm','13'),('D1INF1102tp','13'),('D1INF1600cm','13'),('D1INF1600td','13'),('D1INF1600tp','13'),('D1INF2101cm','13'),('D1INF2101tp','13'),('D2INF1600cm','13'),('D2INF1600tp','13'),('N1INF1100cm','13'),('N1INF1100tp','13'),('N1INF1602cm','13'),('N1INF1602td','13'),('N1INF1602tp','13'),('N1INF2100cm','13'),('N1INF2100td','13'),('N1INF2100tp','13'),('N1INF2102cm','13'),('N1INF2102tp','13'),('N1INF26013cm','13'),('N1INF26013td','13'),('N1INF26013tp','13'),('N1INF3115cm','13'),('N1INF3115td','13'),('N1INF3116cm','13'),('N1INF3116tp','13'),('N1INF3126cm','13'),('N1INF3126tp','13'),('N1INF3127cm','13'),('N1INF3127tp','13'),('N2INF1100cm','13'),('N2INF1100td','13'),('N2INF2102cm','13'),('N2INF2102td','13'),('N2INF2600cm','13'),('N2INF2600tp','13'),('N2INF3115cm','13'),('N2INF3115td','13'),('N2INF3118cm','13'),('N2INF3118tp','13'),('D1INF1604cm','18'),('D1INF1605td','2'),('D1INF2101tp','2'),('D2INF1106cm','2'),('D2INF1106td','2'),('D2INF1605cm','2'),('D2INF1605td','2'),('N1INF2101cm','2'),('N1INF3124cm','2'),('N1INF3124td','2'),('N1INF3124tp','2'),('D1INF1104td','20'),('D1INF1105cm','20'),('D1INF1105td','20'),('D1INF1604td','20'),('D2INF1603cm','20'),('D2INF1603td','20'),('N1INF1103td','20'),('N1INF1603cm','20'),('N1INF1603td','20'),('N1INF2104cm','20'),('N1INF2104td','20'),('N2INF2103cm','20'),('N2INF2103td','20'),('D1INF2601cm','21'),('D1INF2601td','21'),('D1INF2601tp','21'),('D1INF1106cm','22'),('D1INF1106td','22'),('D1INF1106tp','22'),('D1INF2106cm','22'),('D2INF2106cm','22'),('D1INF1100tp','241865 R'),('D1INF1101td','241865 R'),('D1INF2100cm','241865 R'),('D1INF2100td','241865 R'),('D1INF2100tp','241865 R'),('D1INF26013cm','241865 R'),('D1INF26013td','241865 R'),('D1INF26013tp','241865 R'),('D1INF26018tp','241865 R'),('D1INF3115cm','241865 R'),('D1INF3115td','241865 R'),('D1INF3115tp','241865 R'),('D2INF2102cm','241865 R'),('D2INF2102td','241865 R'),('D2INF3115cm','241865 R'),('D2INF3115td','241865 R'),('D2INF3115tp','241865 R'),('N1INF1101cm','241865 R'),('N1INF1102tp','241865 R'),('N1INF1103td','241865 R'),('N1INF1602td','241865 R'),('N1INF1602tp','241865 R'),('N1INF2101cm','241865 R'),('N1INF2101tp','241865 R'),('N1INF3117cm','241865 R'),('N1INF3117tp','241865 R'),('N1INF3128cm','241865 R'),('N1INF3128tp','241865 R'),('N2INF1100cm','241865 R'),('N2INF1600tp','241865 R'),('D1INF1101td','257259 J'),('D1INF2100td','257259 J'),('D1INF2100tp','257259 J'),('D1INF3118cm','257259 J'),('D1INF3118tp','257259 J'),('D2INF3115cm','257259 J'),('D2INF3115td','257259 J'),('D2INF3115tp','257259 J'),('D1INF1102tp','257270 G'),('D1INF1600tp','257270 G'),('D1INF1602td','257270 G'),('D1INF1602tp','257270 G'),('D2INF1600tp','257270 G'),('D2INF2102td','257270 G'),('D2INF2600cm','257270 G'),('D2INF2600tp','257270 G'),('N1INF3128tp','257270 G'),('D1INF1108cm','27'),('D1INF1108td','27'),('D1INF1607cm','27'),('D1INF1607td','27'),('D1INF26013cm','271381 U'),('D1INF26013td','271381 U'),('D1INF26013tp','271381 U'),('D1INF3116cm','271381 U'),('D1INF3116tp','271381 U'),('D2INF1600cm','271381 U'),('D2INF1600tp','271381 U'),('D3INF3118cm','271381 U'),('D3INF3118tp','271381 U'),('N1INF1100tp','271381 U'),('N1INF1101cm','271381 U'),('N1INF1101td','271381 U'),('N1INF1600cm','271381 U'),('N1INF1600td','271381 U'),('N1INF1600tp','271381 U'),('N1INF2101cm','271381 U'),('N1INF2101tp','271381 U'),('N1INF3118cm','271381 U'),('N1INF3118tp','271381 U'),('N2INF1100td','271381 U'),('N2INF3115cm','271381 U'),('N2INF3115td','271381 U'),('N2INF3118cm','271381 U'),('N2INF3118tp','271381 U'),('D2INF1108cm','28'),('D2INF1108td','28'),('D1INF1601cm','29'),('D1INF1601td','29'),('D1INF1601tp','29'),('D1INF3126cm','29'),('D1INF3126tp','29'),('D1INF1100cm','3'),('D1INF1100tp','3'),('D1INF1101td','3'),('D1INF1102tp','3'),('D1INF2102tp','3'),('D1INF2600tp','3'),('D2INF1100cm','3'),('D2INF1100td','3'),('D2INF2600tp','3'),('N1INF26012tp','3'),('D1INF1107cm','31'),('D1INF1107td','31'),('D1INF1603cm','34'),('D1INF1602cm','348101 V'),('D1INF1602td','348101 V'),('D1INF1602tp','348101 V'),('D1INF2102cm','348101 V'),('D1INF2102tp','348101 V'),('D1INF2600cm','348101 V'),('D1INF2600tp','348101 V'),('D1INF26012cm','348101 V'),('D1INF26012td','348101 V'),('D1INF26012tp','348101 V'),('D1INF26014cm','348101 V'),('D1INF26014tp','348101 V'),('D1INF26015cm','348101 V'),('D1INF26015td','348101 V'),('D1INF26015tp','348101 V'),('D1INF26018tp','348101 V'),('D1INF3110cm','348101 V'),('D1INF3110tp','348101 V'),('D1INF3120cm','348101 V'),('D1INF3120tp','348101 V'),('D2INF26015tp','348101 V'),('N1INF3121cm','348101 V'),('N1INF3121td','348101 V'),('N1INF3129cm','348101 V'),('N1INF3129tp','348101 V'),('D1INF1603td','37'),('D2INF1603cm','38'),('D2INF1603td','38'),('D1INF1605cm','39'),('D1INF1605td','39'),('D1INF1606cm','40'),('D1INF2106cm','40'),('D1INF2106td','40'),('D1INF26017cm','40'),('D1INF26017td','40'),('D1INF3111cm','40'),('D1INF3111td','40'),('D1INF3112cm','40'),('D1INF3112td','40'),('D2INF2106cm','40'),('D2INF2106td','40'),('D2INF1607cm','41'),('D2INF1607td','41'),('D1INF2105cm','43'),('D1INF2105td','43'),('D1INF3113cm','43'),('D1INF3113tp','43'),('D1INF2107cm','45'),('D1INF2107td','45'),('D1INF1101cm','45763 D'),('D1INF1602cm','45763 D'),('D2INF2102cm','45763 D'),('D1INF2108cm','46'),('D1INF2108td','46'),('D1INF2109cm','47'),('D1INF2109td','47'),('N1INF1103cm','50'),('N1INF1103td','50'),('N2INF1108cm','50'),('N2INF1108td','50'),('N2INF1607cm','50'),('N2INF1607td','50'),('N2INF26017cm','50'),('N2INF26017td','50'),('D3INF26017cm','51'),('D3INF26017td','51'),('D1INF3129cm','53'),('D1INF3129tp','53'),('D1INF3124cm','54'),('D1INF3124td','54'),('D1INF3124tp','54'),('D1INF3125cm','55'),('D1INF3125tp','55'),('D2INF3129cm','56'),('D2INF3129td','56'),('D1INF3114cm','57'),('D1INF3114td','57'),('D1INF3114tp','57'),('D3INF3114cm','58'),('D3INF3114tp','58'),('N1INF1104cm','59'),('N1INF1104td','59'),('N1INF1105cm','59'),('N1INF1105td','59'),('N1INF1603cm','59'),('N1INF1603td','59'),('N1INF1604cm','59'),('N1INF1604td','59'),('N1INF2104cm','59'),('N1INF2104td','59'),('N1INF26016cm','59'),('N1INF26016td','59'),('N1INF26016tp','59'),('N1INF2601cm','59'),('N1INF2601td','59'),('N1INF3113cm','59'),('N1INF3113tp','59'),('N2INF1603cm','59'),('N2INF1603td','59'),('N2INF2103cm','59'),('N2INF2103td','59'),('N1INF1105cm','60'),('N1INF1105td','60'),('N1INF2104cm','60'),('N1INF2104td','60'),('N1INF2601cm','60'),('N1INF2601td','60'),('N1INF2601tp','60'),('N1INF1107cm','61'),('N1INF2109cm','61'),('N1INF1104cm','62'),('N1INF1104td','62'),('N1INF1105cm','62'),('N1INF1105td','62'),('N1INF1603td','62'),('N1INF1604cm','62'),('N2INF1603td','62'),('N1INF1103cm','63'),('N1INF1105cm','63'),('N1INF1603cm','63'),('N1INF2104cm','63'),('N1INF2601cm','63'),('N2INF1603cm','63'),('N1INF1104cm','64'),('N1INF1104td','64'),('N1INF1105cm','64'),('N1INF1105td','64'),('N1INF26016cm','64'),('N1INF26016td','64'),('N1INF26016tp','64'),('D2INF1100cm','8'),('D2INF1100td','8'),('N1INF1101td','8'),('N1INF1102cm','8'),('N1INF1102tp','8'),('N1INF2102cm','8'),('N1INF2102tp','8'),('N1INF2600cm','8'),('N1INF2600tp','8'),('N1INF26012cm','8'),('N1INF26012td','8'),('N1INF26012tp','8'),('N1INF26014cm','8'),('N1INF26014tp','8'),('N1INF3114cm','8'),('N1INF3114td','8'),('N1INF3114tp','8'),('N1INF3120cm','8'),('N1INF3120tp','8'),('N1INF3129cm','8'),('N1INF3129tp','8'),('N2INF1600cm','8'),('N2INF1600tp','8'),('N2INF26015tp','8'),('N2INF3129cm','8'),('N2INF3129td','8');
/*!40000 ALTER TABLE `CompetencePossede` ENABLE KEYS */;
UNLOCK TABLES;

--
-- Table structure for table `Cours`
--

DROP TABLE IF EXISTS `Cours`;
/*!40101 SET @saved_cs_client     = @@character_set_client */;
/*!50503 SET character_set_client = utf8mb4 */;
CREATE TABLE `Cours` (
  `CodeCours` varchar(50) NOT NULL,
  `Description` varchar(100) DEFAULT NULL,
  `VolumeHoraire` float DEFAULT NULL,
  `DateAuPlusTard` date DEFAULT NULL,
  `Statut` enum('NonAffecte','Affecte','EnCours','Termine') DEFAULT NULL,
  `Semestrefk` varchar(255) DEFAULT NULL,
  PRIMARY KEY (`CodeCours`),
  KEY `Semestrefk` (`Semestrefk`),
  CONSTRAINT `Semestrefk` FOREIGN KEY (`Semestrefk`) REFERENCES `Semestre` (`CodeSemestre`)
) ENGINE=InnoDB DEFAULT CHARSET=utf8mb4 COLLATE=utf8mb4_0900_ai_ci;
/*!40101 SET character_set_client = @saved_cs_client */;

--
-- Dumping data for table `Cours`
--

LOCK TABLES `Cours` WRITE;
/*!40000 ALTER TABLE `Cours` DISABLE KEYS */;
INSERT INTO `Cours` VALUES ('1INF1100cm','Utilisation des systèmes d\'exploitation les plus courants',10,NULL,'NonAffecte','S1'),('1INF1100tp','Utilisation des systèmes d\'exploitation les plus courants tp',20,NULL,'NonAffecte','S1'),('1INF1101cm','Algorithmique et structures de données statiques cm',30,NULL,'NonAffecte','S1'),('1INF1101td','Algorithmique et structures de données statiques td',30,NULL,'NonAffecte','S1'),('1INF1102cm','Programmation cm',15,NULL,'NonAffecte','S1'),('1INF1102tp','Programmation tp',45,NULL,'NonAffecte','S1'),('1INF1103cm','Logique et raisonnement cm',15,NULL,'NonAffecte','S1'),('1INF1103td','Logique et raisonnement td',15,NULL,'NonAffecte','S1'),('1INF1104cm','Analyse 1 cm',23,NULL,'NonAffecte','S1'),('1INF1104td','Analyse 1 td',22,NULL,'NonAffecte','S1'),('1INF1105cm','Statistiques descriptives cm',15,NULL,'NonAffecte','S1'),('1INF1105td','Statistiques descriptives td',15,NULL,'NonAffecte','S1'),('1INF1106cm','Électrocinétique cm',23,NULL,'NonAffecte','S1'),('1INF1106td','Électrocinétique td',15,NULL,'NonAffecte','S1'),('1INF1106tp','Électrocinétique tp',7,NULL,'NonAffecte','S1'),('1INF1107cm','Comptabilité Générale cm',25,NULL,'NonAffecte','S1'),('1INF1107td','Comptabilité Générale td',20,NULL,'NonAffecte','S1'),('1INF1108cm','Anglais 1 cm',15,NULL,'NonAffecte','S1'),('1INF1108td','Anglais 1 td',15,NULL,'NonAffecte','S1'),('1INF1600cm','Algorithmique et structures de données dynamiques cm',25,NULL,'NonAffecte','S2'),('1INF1600td','Algorithmique et structures de données dynamiques td',15,NULL,'NonAffecte','S2'),('1INF1600tp','Algorithmique et structures de données dynamiques tp',20,NULL,'NonAffecte','S2'),('1INF1601cm','Électronique numérique cm',23,NULL,'NonAffecte','S2'),('1INF1601td','Électronique numérique td',15,NULL,'NonAffecte','S2'),('1INF1601tp','Électronique numérique tp',7,NULL,'NonAffecte','S2'),('1INF1602cm','Architecture et fonctionnement des ordinateurs cm',25,NULL,'NonAffecte','S2'),('1INF1602td','Architecture et fonctionnement des ordinateurs td',15,NULL,'NonAffecte','S2'),('1INF1602tp','Architecture et fonctionnement des ordinateurs tp',20,NULL,'NonAffecte','S2'),('1INF1603cm','Algèbre générale cm',23,NULL,'NonAffecte','S2'),('1INF1603td','Algèbre générale td',22,NULL,'NonAffecte','S2'),('1INF1604cm','Analyse 2 cm',23,NULL,'NonAffecte','S2'),('1INF1604td','Analyse 2 td',22,NULL,'NonAffecte','S2'),('1INF1605cm','Électronique analogique cm',15,NULL,'NonAffecte','S2'),('1INF1605td','Électronique analogique td',7.5,NULL,'NonAffecte','S2'),('1INF1606cm','Économie générale cm',15,NULL,'NonAffecte','S2'),('1INF1607cm','Anglais 2 cm',13,NULL,'NonAffecte','S2'),('1INF1607td','Anglais 2 td',17,NULL,'NonAffecte','S2'),('1INF2100cm','Algorithmiques, structures de données et complexite cm',30,NULL,'NonAffecte','S3'),('1INF2100td','Algorithmiques, structures de données et complexite td',15,NULL,'NonAffecte','S3'),('1INF2100tp','Algorithmiques, structures de données et complexite tp',15,NULL,'NonAffecte','S3'),('1INF2101cm','Programmation orientée objet cm',25,NULL,'NonAffecte','S3'),('1INF2101tp','Programmation orientée objet tp',20,NULL,'NonAffecte','S3'),('1INF2102cm','Utilisation des systèmes d\'exploitation Unix/Linux cm',10,NULL,'NonAffecte','S3'),('1INF2102tp','Utilisation des systèmes d\'exploitation Unix/Linux tp',20,NULL,'NonAffecte','S3'),('1INF2104cm','Probabilités cm',22,NULL,'NonAffecte','S3'),('1INF2104td','Probabilités td',23,NULL,'NonAffecte','S3'),('1INF2105cm','Graphe et optimisation cm',15,NULL,'NonAffecte','S3'),('1INF2105td','Graphe et optimisation td',15,NULL,'NonAffecte','S3'),('1INF2106cm','Électrotechnique cm',10,NULL,'NonAffecte','S3'),('1INF2106td','Électrotechnique td',12.5,NULL,'NonAffecte','S3'),('1INF2107cm','Droit (travail, sociétés, TIC) cm',15,NULL,'NonAffecte','S3'),('1INF2107td','Droit (travail, sociétés, TIC) td',15,NULL,'NonAffecte','S3'),('1INF2108cm','Anglais 3 cm',13,NULL,'NonAffecte','S3'),('1INF2108td','Anglais 3 td',17,NULL,'NonAffecte','S3'),('1INF2109cm','Comptabilité analytique cm',20,NULL,'NonAffecte','S3'),('1INF2109td','Comptabilité analytique td',25,NULL,'NonAffecte','S3'),('1INF2600cm','Architectures clients / serveurs cm',10,NULL,'NonAffecte','S4'),('1INF2600tp','Architectures clients / serveurs tp',20,NULL,'NonAffecte','S4'),('1INF26012cm','Sécurité informatique cm',15,NULL,'NonAffecte','S4'),('1INF26012td','Sécurité informatique td',10,NULL,'NonAffecte','S4'),('1INF26012tp','Sécurité informatique tp',20,NULL,'NonAffecte','S4'),('1INF26013cm','Modèle relationnel et bases de données cm',30,NULL,'NonAffecte','S4'),('1INF26013td','Modèle relationnel et bases de données td',15,NULL,'NonAffecte','S4'),('1INF26013tp','Modèle relationnel et bases de données tp',15,NULL,'NonAffecte','S4'),('1INF26014cm','Architectures et technologies des réseaux cm',30,NULL,'NonAffecte','S4'),('1INF26014tp','Architectures et technologies des réseaux tp',15,NULL,'NonAffecte','S4'),('1INF26015cm','Modèles OSI et TCP/IP cm',23,NULL,'NonAffecte','S4'),('1INF26015td','Modèles OSI et TCP/IP td',7,NULL,'NonAffecte','S4'),('1INF26015tp','Modèles OSI et TCP/IP tp',15,NULL,'NonAffecte','S4'),('1INF26016cm','Analyse numérique matricielle cm',23,NULL,'NonAffecte','S4'),('1INF26016td','Analyse numérique matricielle td',11,NULL,'NonAffecte','S4'),('1INF26016tp','Analyse numérique matricielle tp',11,NULL,'NonAffecte','S4'),('1INF26017cm','Connaissance de l\'entreprise cm',15,NULL,'NonAffecte','S4'),('1INF26017td','Connaissance de l\'entreprise td',15,NULL,'NonAffecte','S4'),('1INF26018tp','Projet tutoré tp',15,NULL,'NonAffecte','S4'),('1INF2601cm','Statistique inférentielle cm',15,NULL,'NonAffecte','S4'),('1INF2601td','Statistique inférentielle td',8,NULL,'NonAffecte','S4'),('1INF2601tp','Statistique inférentielle tp',7,NULL,'NonAffecte','S4'),('1INF3110cm','Administration réseaux cm',10,NULL,'NonAffecte','S5SI'),('1INF3110tp','Administration réseaux tp',20,NULL,'NonAffecte','S5SI'),('1INF3111cm','Création d\'entreprise cm',15,NULL,'NonAffecte','S5SI'),('1INF3111td','Création d\'entreprise td',15,NULL,'NonAffecte','S5SI'),('1INF3112cm','Anglais 4 cm',13,NULL,'NonAffecte','S5SI'),('1INF3112td','Anglais 4 td',17,NULL,'NonAffecte','S5SI'),('1INF3113cm','Optimisation cm',15,NULL,'NonAffecte','S5SI'),('1INF3113tp','Optimisation tp',15,NULL,'NonAffecte','S5SI'),('1INF3114cm','Conduite de projets informatiques cm',15,NULL,'NonAffecte','S5SI'),('1INF3114td','Conduite de projets informatiques td',10,NULL,'NonAffecte','S5SI'),('1INF3114tp','Conduite de projets informatiques tp',5,NULL,'NonAffecte','S5SI'),('1INF3115cm','Conception des systèmes d\'information cm',20,NULL,'NonAffecte','S5SI'),('1INF3115td','Conception des systèmes d\'information td',20,NULL,'NonAffecte','S5SI'),('1INF3115tp','Conception des systèmes d\'information tp',5,NULL,'NonAffecte','S5SI'),('1INF3116cm','Administration des bases de données cm',20,NULL,'NonAffecte','S5SI'),('1INF3116tp','Administration des bases de données tp',25,NULL,'NonAffecte','S5SI'),('1INF3117cm','Techniques de compilation cm',20,NULL,'NonAffecte','S5SI'),('1INF3117tp','Techniques de compilation tp',10,NULL,'NonAffecte','S5SI'),('1INF3118cm','Programmation orientée objet avancée cm',15,NULL,'NonAffecte','S5SI'),('1INF3118tp','Programmation orientée objet avancée tp',15,NULL,'NonAffecte','S5SI'),('1INF3120cm','Administration réseaux avancé cm',25,NULL,'NonAffecte','S5RS'),('1INF3120tp','Administration réseaux avancé tp',35,NULL,'NonAffecte','S5RS'),('1INF3121cm','Conception de réseaux locaux cm',15,NULL,'NonAffecte','S5RS'),('1INF3121td','Conception de réseaux locaux tp',15,NULL,'NonAffecte','S5RS'),('1INF3122cm','Création d\'entreprise cm',15,NULL,'NonAffecte','S5RS'),('1INF3122tp','Création d\'entreprise tp',15,NULL,'NonAffecte','S5RS'),('1INF3123cm','Anglais 4 cm',13,NULL,'NonAffecte','S5RS'),('1INF3123td','Anglais 4 td',17,NULL,'NonAffecte','S5RS'),('1INF3124cm','Traitement du signal cm',15,NULL,'NonAffecte','S5RS'),('1INF3124td','Traitement du signal td',10,NULL,'NonAffecte','S5RS'),('1INF3124tp','Traitement du signal tp',5,NULL,'NonAffecte','S5RS'),('1INF3125cm','Diagnostic et maintenance materiel cm',15,NULL,'NonAffecte','S5RS'),('1INF3125tp','Diagnostic et maintenance materiel tp',30,NULL,'NonAffecte','S5RS'),('1INF3126cm','Informatique Industrielle (automates programmable et graphcets cm',15,NULL,'NonAffecte','S5RS'),('1INF3126tp','Informatique Industrielle (automates programmable et graphcets tp',30,NULL,'NonAffecte','S5RS'),('1INF3127cm','Technologies émergentes cm',15,NULL,'NonAffecte','S5RS'),('1INF3127tp','Technologies émergentes tp',15,NULL,'NonAffecte','S5RS'),('1INF3128cm','Programmation Système cm',15,NULL,'NonAffecte','S5RS'),('1INF3128tp','Programmation Système tp',30,NULL,'NonAffecte','S5RS'),('1INF3129cm','Déploiement de réseaux locaux et metropolitains cm',15,NULL,'NonAffecte','S5RS'),('1INF3129tp','Déploiement de réseaux locaux et metropolitains tp',15,NULL,'NonAffecte','S5RS'),('2INF1100cm','Bureautique td',10,NULL,'NonAffecte','S1'),('2INF1100td','Bureautique cm',20,NULL,'NonAffecte','S1'),('2INF1106cm','Électrostatique cm',8,NULL,'NonAffecte','S1'),('2INF1106td','Électrostatique td',7,NULL,'NonAffecte','S1'),('2INF1108cm','Techniques d\'expression 1 cm',13,NULL,'NonAffecte','S1'),('2INF1108td','Techniques d\'expression 1 td',17,NULL,'NonAffecte','S1'),('2INF1600cm','Introduction à la programmation web cm',15,NULL,'NonAffecte','S2'),('2INF1600tp','Introduction à la programmation web tp',15,NULL,'NonAffecte','S2'),('2INF1603cm','Algèbre linéaire 1 cm',23,NULL,'NonAffecte','S2'),('2INF1603td','Algèbre linéaire 1 td',22,NULL,'NonAffecte','S2'),('2INF1605cm','Électromagnétisme cm',15,NULL,'NonAffecte','S2'),('2INF1605td','Électromagnétisme td',7.5,NULL,'NonAffecte','S2'),('2INF1607cm','Techniques d\'expression 2 cm',13,NULL,'NonAffecte','S2'),('2INF1607td','Techniques d\'expression 2 td',17,NULL,'NonAffecte','S2'),('2INF2102cm','Conception des systèmes d\'exploitation cm',30,NULL,'NonAffecte','S3'),('2INF2102td','Conception des systèmes d\'exploitation td',30,NULL,'NonAffecte','S3'),('2INF2103cm','Algèbre linéaire 2 cm',15,NULL,'NonAffecte','S3'),('2INF2103td','Algèbre linéaire 2 td',15,NULL,'NonAffecte','S3'),('2INF2106cm','Électronique de puissance cm',10,NULL,'NonAffecte','S3'),('2INF2106td','Électronique de puissance td',12.5,NULL,'NonAffecte','S3'),('2INF2600cm','Administration des systèmes d\'exploitation cm',15,NULL,'NonAffecte','S4'),('2INF2600tp','Administration des systèmes d\'exploitation tp',15,NULL,'NonAffecte','S4'),('2INF26015tp','Routage IP tp',15,NULL,'NonAffecte','S4'),('2INF26017cm','Communication en entreprise cm',15,NULL,'NonAffecte','S4'),('2INF26017td','Communication en entreprise td',15,NULL,'NonAffecte','S4'),('2INF3114','Projet tutoré',15,NULL,'NonAffecte','S5SI'),('2INF3115cm','Analyse et conception orientée objets cm',20,NULL,'NonAffecte','S5SI'),('2INF3115td','Analyse et conception orientée objets td',20,NULL,'NonAffecte','S5SI'),('2INF3115tp','Analyse et conception orientée objets tp',5,NULL,'NonAffecte','S5SI'),('2INF3118cm','Programmation Web avancée cm',15,NULL,'NonAffecte','S5SI'),('2INF3118tp','Programmation Web avancée tp',15,NULL,'NonAffecte','S5SI'),('2INF3120cm','Administration réseaux cm',10,NULL,'NonAffecte','S5RS'),('2INF3120td','Administration réseaux tp',20,NULL,'NonAffecte','S5RS'),('2INF3129cm','Infrastructures des réseaux mobiles cm',15,NULL,'NonAffecte','S5RS'),('2INF3129td','Infrastructures des réseaux mobiles td',15,NULL,'NonAffecte','S5RS'),('3INF26017cm','Analyse financière cm',15,NULL,'NonAffecte','S4'),('3INF26017td','Analyse financière td',15,NULL,'NonAffecte','S4'),('3INF3114cm','IHM cm',15,NULL,'NonAffecte','S5SI'),('3INF3114tp','IHM tp',15,NULL,'NonAffecte','S5SI'),('3INF3118cm','Développement mobile cm',15,NULL,'NonAffecte','S5SI'),('3INF3118tp','Développement mobile tp',15,NULL,'NonAffecte','S5SI'),('3INF3129','Projet tutoré',15,NULL,'NonAffecte','S5RS');
/*!40000 ALTER TABLE `Cours` ENABLE KEYS */;
UNLOCK TABLES;

--
-- Table structure for table `Enseignant`
--

DROP TABLE IF EXISTS `Enseignant`;
/*!40101 SET @saved_cs_client     = @@character_set_client */;
/*!50503 SET character_set_client = utf8mb4 */;
CREATE TABLE `Enseignant` (
  `CodeEnseignant` varchar(50) NOT NULL,
  `Nom` varchar(100) DEFAULT NULL,
  `Email` varchar(50) DEFAULT NULL,
  `CodeGradefk` varchar(50) DEFAULT NULL,
  `Statut` int DEFAULT NULL,
  `Abattement` int DEFAULT NULL,
  PRIMARY KEY (`CodeEnseignant`),
  UNIQUE KEY `Email` (`Email`),
  KEY `CodeGradefk` (`CodeGradefk`),
  CONSTRAINT `Enseignant_ibfk_1` FOREIGN KEY (`CodeGradefk`) REFERENCES `Grade` (`CodeGrade`)
) ENGINE=InnoDB DEFAULT CHARSET=utf8mb4 COLLATE=utf8mb4_0900_ai_ci;
/*!40101 SET character_set_client = @saved_cs_client */;

--
-- Dumping data for table `Enseignant`
--

LOCK TABLES `Enseignant` WRITE;
/*!40000 ALTER TABLE `Enseignant` DISABLE KEYS */;
INSERT INTO `Enseignant` VALUES ('1','YELEMOU Tiguiane ',NULL,'PT',1,0),('10','SANOU François d\'Assise',NULL,'Master',0,0),('102 929 F','SOME Borlli Michel Jonas',NULL,'MC',1,0),('11','COULIBALY Dramane',NULL,'Master',1,0),('110980A','MALO Sadouanouan',NULL,'PT',1,0),('12','SANOU Affoussatou Rolande',NULL,'Doctorat',1,0),('13','TRAORE Go Issa',NULL,'Master',0,0),('15','SOULAMA Zidama',NULL,'Master',1,0),('16','TAPSOBA Théodore M. Y.',NULL,'PT',1,0),('17','BARRO Moussa',NULL,'MA',0,0),('18','KABORE Idrissa',NULL,'PT',0,0),('2','Kiélem Wilfried Albert Duniwangda',NULL,'Master',1,0),('20','SANKARA Karim',NULL,'Doctorat',0,0),('21','TRAORE Bakary',NULL,'MC',0,0),('22','KABORE M\'Bi',NULL,'MC',1,0),('23','SAWADOGO Gaël',NULL,'Doctorat',0,0),('24','OUEDRAOGO Drissa',NULL,'Doctorat',0,0),('241865 R','OUATTARA Anasthasie',NULL,'MA',1,0),('25','GOUNKAOU Yomi Woro',NULL,'Doctorat',0,0),('257259 J','BELEM Mahamadou',NULL,'MC',1,0),('257270 G','ZOUMORE Téeg-wendé Gildas',NULL,'A',1,0),('26','GNANOU Aboubacar',NULL,'Doctorat',0,0),('27','COULIBALY Samadou',NULL,'MC',0,0),('271381 U','KINDO Abdoul Azize',NULL,'A',1,0),('28','SANOU Abel',NULL,'MC',0,0),('29','KPODA Gabin',NULL,'MC',0,0),('3','KAFANDO Patrice',NULL,'Master',1,0),('30','ROMBA Christian',NULL,'A',0,0),('31','GNOUMOU GNOUMOU',NULL,'A',0,0),('32','PORGO Inoussa',NULL,'A',0,0),('33','AGBEZOUTSI Edem Kodjo',NULL,'A',1,0),('34','SORE Herman',NULL,'MA',0,0),('348101 V','TALL Hamadoun',NULL,'MA',1,0),('35','COULIBALY Siaka',NULL,'MA',0,0),('36','NANA Mahamadi',NULL,'MA',0,0),('37','KAM Grégoire',NULL,'MA',0,0),('38','NYANQUINI Ismaël',NULL,'MA',0,0),('39','OUEDRAOGO Seydou',NULL,'MC',0,0),('4','PODA Ives Emile',NULL,'Master',1,0),('40','KAM Dieudonné',NULL,'MA',0,0),('41','COULIBALY Soungalo ',NULL,'MA',0,0),('42','MASSAMBA Ange',NULL,'Doctorat',0,0),('43','PODA Joseph',NULL,'MA',0,0),('44','YATABARE Abdoulaye',NULL,'MA',0,0),('45','ZONGO Gilbert',NULL,'Doctorat',0,0),('45763 D','DANDJINOU Toundé Mesmin',NULL,'MC',1,0),('46','ZERBO Abdoulaye',NULL,'Doctorat',0,0),('47','TRAORE Abdoulaye',NULL,'Doctorat',0,0),('48','DIALLO Abdoul Karim D.',NULL,'Master',1,0),('49','BEYI Boukari',NULL,'MA',0,0),('5','SIEBA Idriss',NULL,'Master',1,0),('50','COULIBALY Dieudonné',NULL,'MA',0,0),('51','SAWADOGO Issaka',NULL,'Doctorat',0,0),('52','OUEDRAOGO Moutawakilou',NULL,'Doctorat',0,0),('53','BARRA Ousmane',NULL,'Doctorat',0,0),('54','OUEDRAOGO Boris',NULL,'MC',0,0),('55','SAWADOGO Marc',NULL,'Doctorat',0,0),('56','SAWADOGO Moumouni',NULL,'Doctorat',0,0),('57','THIOMBIANO Aristide',NULL,'Doctorat',0,0),('58','DRABO Constantin',NULL,'Doctorat',0,0),('59','Yoda',NULL,'Doctorat',0,0),('6','BOULOU Mahamadi',NULL,'Doctorat',1,0),('60','TRAORE Issouf',NULL,'Master',0,0),('61','Yameogo w Blaise ',NULL,'A',1,0),('62','OUEDRAOGO Bèbyada Thomas',NULL,'A',0,0),('63','Joseph Bayara ',NULL,'MC',1,0),('64','Zongo',NULL,'A',1,0),('7','KONFE Abdoul Hadi',NULL,'Doctorat',1,0),('8','ILLY Amado',NULL,'Master',0,0),('9','KINDA Zakaria',NULL,'Master',1,0),('91621 A','PODA Pasteur',NULL,'MC',1,0);
/*!40000 ALTER TABLE `Enseignant` ENABLE KEYS */;
UNLOCK TABLES;

--
-- Table structure for table `Etablissement`
--

DROP TABLE IF EXISTS `Etablissement`;
/*!40101 SET @saved_cs_client     = @@character_set_client */;
/*!50503 SET character_set_client = utf8mb4 */;
CREATE TABLE `Etablissement` (
  `CodeEtablissement` varchar(50) NOT NULL,
  `description` varchar(50) DEFAULT NULL,
  PRIMARY KEY (`CodeEtablissement`)
) ENGINE=InnoDB DEFAULT CHARSET=utf8mb4 COLLATE=utf8mb4_0900_ai_ci;
/*!40101 SET character_set_client = @saved_cs_client */;

--
-- Dumping data for table `Etablissement`
--

LOCK TABLES `Etablissement` WRITE;
/*!40000 ALTER TABLE `Etablissement` DISABLE KEYS */;
INSERT INTO `Etablissement` VALUES ('ESI','Ecole informatique');
/*!40000 ALTER TABLE `Etablissement` ENABLE KEYS */;
UNLOCK TABLES;

--
-- Table structure for table `Grade`
--

DROP TABLE IF EXISTS `Grade`;
/*!40101 SET @saved_cs_client     = @@character_set_client */;
/*!50503 SET character_set_client = utf8mb4 */;
CREATE TABLE `Grade` (
  `CodeGrade` varchar(50) NOT NULL,
  `Nom` varchar(50) DEFAULT NULL,
  `VolumeHoraireStatuitaire` int DEFAULT NULL,
  `Abatement` int DEFAULT NULL,
  PRIMARY KEY (`CodeGrade`)
) ENGINE=InnoDB DEFAULT CHARSET=utf8mb4 COLLATE=utf8mb4_0900_ai_ci;
/*!40101 SET character_set_client = @saved_cs_client */;

--
-- Dumping data for table `Grade`
--

LOCK TABLES `Grade` WRITE;
/*!40000 ALTER TABLE `Grade` DISABLE KEYS */;
INSERT INTO `Grade` VALUES ('A','Assistant',260,0),('Doctorat','Doctorat',270,0),('MA','Maitre Assistant',240,0),('Master','Master',280,0),('MC','Maitre de Ceremonie',220,0),('PT','Professeur Titulaire',200,0);
/*!40000 ALTER TABLE `Grade` ENABLE KEYS */;
UNLOCK TABLES;

--
-- Table structure for table `Preference`
--

DROP TABLE IF EXISTS `Preference`;
/*!40101 SET @saved_cs_client     = @@character_set_client */;
/*!50503 SET character_set_client = utf8mb4 */;
CREATE TABLE `Preference` (
  `CodeCoursfk` varchar(50) NOT NULL,
  `CodeEnseignantfk` varchar(50) NOT NULL,
  `disponibilite` int DEFAULT NULL,
  `score` int DEFAULT NULL,
  PRIMARY KEY (`CodeCoursfk`,`CodeEnseignantfk`),
  KEY `CodeEnseignantfk` (`CodeEnseignantfk`),
  CONSTRAINT `Preference_ibfk_1` FOREIGN KEY (`CodeEnseignantfk`) REFERENCES `Enseignant` (`CodeEnseignant`),
  CONSTRAINT `Preference_ibfk_2` FOREIGN KEY (`CodeCoursfk`) REFERENCES `Cours` (`CodeCours`)
) ENGINE=InnoDB DEFAULT CHARSET=utf8mb4 COLLATE=utf8mb4_0900_ai_ci;
/*!40101 SET character_set_client = @saved_cs_client */;

--
-- Dumping data for table `Preference`
--

LOCK TABLES `Preference` WRITE;
/*!40000 ALTER TABLE `Preference` DISABLE KEYS */;
INSERT INTO `Preference` VALUES ('1INF1100cm','13',1,4),('1INF1100cm','3',1,5),('1INF1100tp','10',1,5),('1INF1100tp','102 929 F',1,1),('1INF1100tp','13',1,4),('1INF1100tp','241865 R',1,2),('1INF1100tp','271381 U',1,3),('1INF1100tp','3',1,5),('1INF1101cm','102 929 F',1,2),('1INF1101cm','13',1,5),('1INF1101cm','241865 R',1,5),('1INF1101cm','271381 U',1,3),('1INF1101cm','45763 D',1,1),('1INF1101td','10',1,2),('1INF1101td','102 929 F',1,2),('1INF1101td','13',1,5),('1INF1101td','241865 R',1,5),('1INF1101td','257259 J',1,5),('1INF1101td','271381 U',1,3),('1INF1101td','3',1,3),('1INF1101td','8',1,5),('1INF1102cm','102 929 F',1,2),('1INF1102cm','13',1,5),('1INF1102cm','8',1,5),('1INF1102tp','10',1,5),('1INF1102tp','102 929 F',1,2),('1INF1102tp','13',1,5),('1INF1102tp','241865 R',1,4),('1INF1102tp','257270 G',1,5),('1INF1102tp','3',1,3),('1INF1102tp','8',1,5),('1INF1103cm','50',1,3),('1INF1103cm','63',1,3),('1INF1103td','20',1,5),('1INF1103td','241865 R',1,2),('1INF1103td','50',1,3),('1INF1104cm','59',1,3),('1INF1104cm','62',1,3),('1INF1104cm','64',1,3),('1INF1104td','20',1,5),('1INF1104td','59',1,3),('1INF1104td','62',1,3),('1INF1104td','64',1,3),('1INF1105cm','20',1,5),('1INF1105cm','59',1,3),('1INF1105cm','60',1,5),('1INF1105cm','62',1,5),('1INF1105cm','63',1,3),('1INF1105cm','64',1,3),('1INF1105td','20',1,5),('1INF1105td','59',1,3),('1INF1105td','60',1,5),('1INF1105td','62',1,5),('1INF1105td','64',1,3),('1INF1106cm','22',1,5),('1INF1106td','22',1,5),('1INF1106tp','22',1,3),('1INF1107cm','31',1,3),('1INF1107cm','61',1,5),('1INF1107td','31',1,3),('1INF1108cm','27',1,3),('1INF1108td','27',1,3),('1INF1600cm','102 929 F',1,4),('1INF1600cm','13',1,5),('1INF1600cm','271381 U',1,3),('1INF1600td','102 929 F',1,4),('1INF1600td','13',1,5),('1INF1600td','271381 U',1,3),('1INF1600tp','102 929 F',1,4),('1INF1600tp','13',1,5),('1INF1600tp','257270 G',1,5),('1INF1600tp','271381 U',1,3),('1INF1601cm','29',1,3),('1INF1601td','29',1,3),('1INF1601tp','29',1,3),('1INF1602cm','13',1,4),('1INF1602cm','348101 V',1,1),('1INF1602cm','45763 D',1,1),('1INF1602td','13',1,4),('1INF1602td','241865 R',1,3),('1INF1602td','257270 G',1,5),('1INF1602td','348101 V',1,1),('1INF1602tp','13',1,4),('1INF1602tp','241865 R',1,3),('1INF1602tp','257270 G',1,5),('1INF1602tp','348101 V',1,1),('1INF1603cm','20',1,5),('1INF1603cm','34',1,3),('1INF1603cm','59',1,3),('1INF1603cm','63',1,3),('1INF1603td','20',1,5),('1INF1603td','37',1,3),('1INF1603td','59',1,3),('1INF1603td','62',1,3),('1INF1604cm','18',1,3),('1INF1604cm','59',1,3),('1INF1604cm','62',1,3),('1INF1604td','20',1,5),('1INF1604td','59',1,3),('1INF1605cm','39',1,3),('1INF1605td','2',1,5),('1INF1605td','39',1,3),('1INF1606cm','40',1,3),('1INF1607cm','27',1,3),('1INF1607td','27',1,3),('1INF2100cm','13',1,4),('1INF2100cm','241865 R',1,5),('1INF2100td','13',1,4),('1INF2100td','241865 R',1,5),('1INF2100td','257259 J',1,5),('1INF2100tp','13',1,4),('1INF2100tp','241865 R',1,5),('1INF2100tp','257259 J',1,5),('1INF2101cm','102 929 F',1,1),('1INF2101cm','13',1,4),('1INF2101cm','2',1,5),('1INF2101cm','241865 R',1,4),('1INF2101cm','271381 U',1,3),('1INF2101tp','102 929 F',1,1),('1INF2101tp','13',1,4),('1INF2101tp','2',1,5),('1INF2101tp','241865 R',1,4),('1INF2101tp','271381 U',1,3),('1INF2102cm','10',1,5),('1INF2102cm','13',1,5),('1INF2102cm','348101 V',1,5),('1INF2102cm','8',1,5),('1INF2102tp','10',1,5),('1INF2102tp','13',1,5),('1INF2102tp','3',1,5),('1INF2102tp','348101 V',1,5),('1INF2102tp','8',1,5),('1INF2104cm','20',1,5),('1INF2104cm','59',1,3),('1INF2104cm','60',1,5),('1INF2104cm','63',1,3),('1INF2104td','20',1,5),('1INF2104td','59',1,3),('1INF2104td','60',1,5),('1INF2105cm','43',1,3),('1INF2105td','43',1,3),('1INF2106cm','22',1,5),('1INF2106cm','44',1,3),('1INF2106td','44',1,3),('1INF2107cm','45',1,3),('1INF2107td','45',1,3),('1INF2108cm','46',1,3),('1INF2108td','46',1,3),('1INF2109cm','47',1,3),('1INF2109cm','61',1,5),('1INF2109td','47',1,3),('1INF2600cm','102 929 F',1,1),('1INF2600cm','348101 V',1,3),('1INF2600cm','8',1,4),('1INF2600tp','10',1,4),('1INF2600tp','102 929 F',1,1),('1INF2600tp','3',1,5),('1INF2600tp','348101 V',1,3),('1INF2600tp','8',1,4),('1INF26012cm','348101 V',1,5),('1INF26012cm','8',1,4),('1INF26012td','348101 V',1,5),('1INF26012td','8',1,4),('1INF26012tp','10',1,4),('1INF26012tp','3',1,3),('1INF26012tp','348101 V',1,5),('1INF26012tp','8',1,4),('1INF26013cm','102 929 F',1,3),('1INF26013cm','13',1,4),('1INF26013cm','241865 R',1,4),('1INF26013cm','271381 U',1,3),('1INF26013td','102 929 F',1,3),('1INF26013td','241865 R',1,4),('1INF26013td','271381 U',1,3),('1INF26013tp','102 929 F',1,3),('1INF26013tp','13',1,4),('1INF26013tp','241865 R',1,4),('1INF26013tp','271381 U',1,3),('1INF26014cm','10',1,4),('1INF26014cm','348101 V',1,3),('1INF26014cm','8',1,4),('1INF26014tp','10',1,4),('1INF26014tp','348101 V',1,3),('1INF26014tp','8',1,4),('1INF26015cm','10',1,4),('1INF26015cm','348101 V',1,3),('1INF26015td','348101 V',1,3),('1INF26015tp','10',1,4),('1INF26015tp','348101 V',1,3),('1INF26016cm','59',1,3),('1INF26016cm','64',1,3),('1INF26016td','59',1,3),('1INF26016td','64',1,3),('1INF26016tp','59',1,3),('1INF26016tp','64',1,3),('1INF26017cm','40',1,3),('1INF26017td','40',1,3),('1INF26018tp','1',1,5),('1INF26018tp','241865 R',1,5),('1INF26018tp','348101 V',1,5),('1INF2601cm','21',1,3),('1INF2601cm','59',1,3),('1INF2601cm','60',1,5),('1INF2601cm','63',1,3),('1INF2601td','21',1,3),('1INF2601td','59',1,3),('1INF2601td','60',1,5),('1INF2601tp','21',1,3),('1INF2601tp','60',1,5),('1INF3110cm','348101 V',1,3),('1INF3110tp','10',1,4),('1INF3110tp','348101 V',1,3),('1INF3111cm','40',1,3),('1INF3111td','40',1,3),('1INF3112cm','52',1,3),('1INF3112td','52',1,3),('1INF3113cm','43',1,3),('1INF3113cm','59',1,3),('1INF3113tp','43',1,3),('1INF3113tp','59',1,3),('1INF3114cm','57',1,3),('1INF3114cm','8',1,5),('1INF3114td','57',1,3),('1INF3114td','8',1,5),('1INF3114tp','57',1,3),('1INF3114tp','8',1,5),('1INF3115cm','13',1,4),('1INF3115cm','241865 R',1,5),('1INF3115td','13',1,4),('1INF3115td','241865 R',1,5),('1INF3115tp','241865 R',1,5),('1INF3116cm','102 929 F',1,4),('1INF3116cm','13',1,4),('1INF3116cm','271381 U',1,3),('1INF3116tp','102 929 F',1,4),('1INF3116tp','13',1,4),('1INF3116tp','271381 U',1,3),('1INF3117cm','110980A',1,3),('1INF3117cm','241865 R',1,5),('1INF3117tp','110980A',1,3),('1INF3117tp','241865 R',1,5),('1INF3118cm','257259 J',1,5),('1INF3118cm','271381 U',1,3),('1INF3118tp','257259 J',1,5),('1INF3118tp','271381 U',1,3),('1INF3120cm','348101 V',1,5),('1INF3120cm','8',1,4),('1INF3120tp','10',1,5),('1INF3120tp','348101 V',1,5),('1INF3120tp','8',1,4),('1INF3121cm','348101 V',1,5),('1INF3121td','10',1,5),('1INF3121td','348101 V',1,5),('1INF3124cm','2',1,5),('1INF3124cm','54',1,3),('1INF3124td','2',1,5),('1INF3124td','54',1,3),('1INF3124tp','2',1,5),('1INF3124tp','54',1,3),('1INF3125cm','55',1,3),('1INF3125tp','55',1,3),('1INF3126cm','13',1,4),('1INF3126cm','29',1,3),('1INF3126tp','13',1,4),('1INF3126tp','29',1,3),('1INF3127cm','1',1,5),('1INF3127cm','13',1,4),('1INF3127tp','1',1,5),('1INF3127tp','13',1,4),('1INF3128cm','110980A',1,3),('1INF3128cm','241865 R',1,4),('1INF3128tp','110980A',1,3),('1INF3128tp','241865 R',1,4),('1INF3128tp','257270 G',1,5),('1INF3129cm','348101 V',1,3),('1INF3129cm','53',1,3),('1INF3129cm','8',1,4),('1INF3129tp','348101 V',1,3),('1INF3129tp','53',1,3),('1INF3129tp','8',1,4),('2INF1100cm','13',1,5),('2INF1100cm','241865 R',1,2),('2INF1100cm','3',1,5),('2INF1100cm','8',1,4),('2INF1100td','10',1,5),('2INF1100td','13',1,5),('2INF1100td','271381 U',1,3),('2INF1100td','3',1,5),('2INF1100td','8',1,4),('2INF1106cm','2',1,5),('2INF1106td','2',1,5),('2INF1108cm','28',1,3),('2INF1108cm','50',1,3),('2INF1108td','28',1,3),('2INF1108td','50',1,3),('2INF1600cm','102 929 F',1,3),('2INF1600cm','13',1,5),('2INF1600cm','271381 U',1,3),('2INF1600cm','8',1,5),('2INF1600tp','102 929 F',1,3),('2INF1600tp','13',1,5),('2INF1600tp','241865 R',1,3),('2INF1600tp','257270 G',1,5),('2INF1600tp','271381 U',1,3),('2INF1600tp','8',1,5),('2INF1603cm','20',1,5),('2INF1603cm','38',1,3),('2INF1603cm','59',1,3),('2INF1603cm','63',1,3),('2INF1603td','20',1,5),('2INF1603td','38',1,3),('2INF1603td','59',1,3),('2INF1603td','62',1,4),('2INF1605cm','2',1,5),('2INF1605td','2',1,5),('2INF1607cm','41',1,3),('2INF1607cm','50',1,3),('2INF1607td','41',1,3),('2INF1607td','50',1,3),('2INF2102cm','13',1,5),('2INF2102cm','241865 R',1,4),('2INF2102cm','45763 D',1,1),('2INF2102td','13',1,5),('2INF2102td','241865 R',1,4),('2INF2102td','257270 G',1,5),('2INF2103cm','20',1,5),('2INF2103cm','59',1,3),('2INF2103td','20',1,5),('2INF2103td','59',1,3),('2INF2106cm','22',1,5),('2INF2106cm','40',1,3),('2INF2106td','40',1,3),('2INF2600cm','13',1,4),('2INF2600cm','257270 G',1,5),('2INF2600tp','10',1,4),('2INF2600tp','13',1,4),('2INF2600tp','257270 G',1,5),('2INF2600tp','3',1,3),('2INF26015tp','10',1,4),('2INF26015tp','348101 V',1,5),('2INF26015tp','8',1,4),('2INF26017cm','50',1,3),('2INF26017td','50',1,3),('2INF3115cm','13',1,4),('2INF3115cm','241865 R',1,3),('2INF3115cm','257259 J',1,5),('2INF3115cm','271381 U',1,3),('2INF3115td','13',1,4),('2INF3115td','241865 R',1,3),('2INF3115td','257259 J',1,5),('2INF3115td','271381 U',1,3),('2INF3115tp','241865 R',1,3),('2INF3115tp','257259 J',1,5),('2INF3118cm','13',1,4),('2INF3118cm','271381 U',1,3),('2INF3118tp','13',1,4),('2INF3118tp','271381 U',1,3),('2INF3120cm','10',1,5),('2INF3120td','10',1,5),('2INF3129cm','56',1,3),('2INF3129cm','8',1,4),('2INF3129td','56',1,3),('2INF3129td','8',1,4),('3INF26017cm','51',1,3),('3INF26017td','51',1,3),('3INF3114cm','58',1,3),('3INF3114tp','58',1,3),('3INF3118cm','13',1,4),('3INF3118cm','271381 U',1,3),('3INF3118tp','13',1,4),('3INF3118tp','271381 U',1,3);
/*!40000 ALTER TABLE `Preference` ENABLE KEYS */;
UNLOCK TABLES;

--
-- Table structure for table `Prerequis`
--

DROP TABLE IF EXISTS `Prerequis`;
/*!40101 SET @saved_cs_client     = @@character_set_client */;
/*!50503 SET character_set_client = utf8mb4 */;
CREATE TABLE `Prerequis` (
  `CodeCoursfk` varchar(50) NOT NULL,
  `CodePrerequis` varchar(50) NOT NULL,
  PRIMARY KEY (`CodeCoursfk`,`CodePrerequis`),
  KEY `CodePrerequis` (`CodePrerequis`),
  CONSTRAINT `Prerequis_ibfk_1` FOREIGN KEY (`CodeCoursfk`) REFERENCES `Cours` (`CodeCours`),
  CONSTRAINT `Prerequis_ibfk_2` FOREIGN KEY (`CodePrerequis`) REFERENCES `Cours` (`CodeCours`)
) ENGINE=InnoDB DEFAULT CHARSET=utf8mb4 COLLATE=utf8mb4_0900_ai_ci;
/*!40101 SET character_set_client = @saved_cs_client */;

--
-- Dumping data for table `Prerequis`
--

LOCK TABLES `Prerequis` WRITE;
/*!40000 ALTER TABLE `Prerequis` DISABLE KEYS */;
/*!40000 ALTER TABLE `Prerequis` ENABLE KEYS */;
UNLOCK TABLES;

--
-- Table structure for table `ScoreCompetence`
--

DROP TABLE IF EXISTS `ScoreCompetence`;
/*!40101 SET @saved_cs_client     = @@character_set_client */;
/*!50503 SET character_set_client = utf8mb4 */;
CREATE TABLE `ScoreCompetence` (
  `CodeCompetencefk` varchar(50) NOT NULL,
  `CodeCoursfk` varchar(50) NOT NULL,
  `score` int DEFAULT NULL,
  PRIMARY KEY (`CodeCompetencefk`,`CodeCoursfk`),
  KEY `CodeCoursfk` (`CodeCoursfk`),
  CONSTRAINT `ScoreCompetence_ibfk_1` FOREIGN KEY (`CodeCompetencefk`) REFERENCES `Competence` (`CodeCompetence`),
  CONSTRAINT `ScoreCompetence_ibfk_2` FOREIGN KEY (`CodeCoursfk`) REFERENCES `Cours` (`CodeCours`)
) ENGINE=InnoDB DEFAULT CHARSET=utf8mb4 COLLATE=utf8mb4_0900_ai_ci;
/*!40101 SET character_set_client = @saved_cs_client */;

--
-- Dumping data for table `ScoreCompetence`
--

LOCK TABLES `ScoreCompetence` WRITE;
/*!40000 ALTER TABLE `ScoreCompetence` DISABLE KEYS */;
INSERT INTO `ScoreCompetence` VALUES ('D1INF1100cm','1INF1100cm',100),('D1INF1100tp','1INF1100tp',100),('D1INF1101cm','1INF1101cm',100),('D1INF1101td','1INF1101td',100),('D1INF1102cm','1INF1102cm',100),('D1INF1102tp','1INF1102tp',100),('D1INF1103cm','1INF1103cm',100),('D1INF1103td','1INF1103td',100),('D1INF1104cm','1INF1104cm',100),('D1INF1104td','1INF1104td',100),('D1INF1105cm','1INF1105cm',100),('D1INF1105td','1INF1105td',100),('D1INF1106cm','1INF1106cm',100),('D1INF1106td','1INF1106td',100),('D1INF1106tp','1INF1106tp',100),('D1INF1107cm','1INF1107cm',100),('D1INF1107td','1INF1107td',100),('D1INF1108cm','1INF1108cm',100),('D1INF1108td','1INF1108td',100),('D1INF1600cm','1INF1600cm',100),('D1INF1600td','1INF1600td',100),('D1INF1600tp','1INF1600tp',100),('D1INF1601cm','1INF1601cm',100),('D1INF1601td','1INF1601td',100),('D1INF1601tp','1INF1601tp',100),('D1INF1602cm','1INF1602cm',100),('D1INF1602td','1INF1602td',100),('D1INF1602tp','1INF1602tp',100),('D1INF1603cm','1INF1603cm',100),('D1INF1603td','1INF1603td',100),('D1INF1604cm','1INF1604cm',100),('D1INF1604td','1INF1604td',100),('D1INF1605cm','1INF1605cm',100),('D1INF1605td','1INF1605td',100),('D1INF1606cm','1INF1606cm',100),('D1INF1607cm','1INF1607cm',100),('D1INF1607td','1INF1607td',100),('D1INF2100cm','1INF2100cm',100),('D1INF2100td','1INF2100td',100),('D1INF2100tp','1INF2100tp',100),('D1INF2101cm','1INF2101cm',100),('D1INF2101tp','1INF2101tp',100),('D1INF2102cm','1INF2102cm',100),('D1INF2102tp','1INF2102tp',100),('D1INF2104cm','1INF2104cm',100),('D1INF2104td','1INF2104td',100),('D1INF2105cm','1INF2105cm',100),('D1INF2105td','1INF2105td',100),('D1INF2106cm','1INF2106cm',100),('D1INF2106td','1INF2106td',100),('D1INF2107cm','1INF2107cm',100),('D1INF2107td','1INF2107td',100),('D1INF2108cm','1INF2108cm',100),('D1INF2108td','1INF2108td',100),('D1INF2109cm','1INF2109cm',100),('D1INF2109td','1INF2109td',100),('D1INF2600cm','1INF2600cm',100),('D1INF2600tp','1INF2600tp',100),('D1INF26012cm','1INF26012cm',100),('D1INF26012td','1INF26012td',100),('D1INF26012tp','1INF26012tp',100),('D1INF26013cm','1INF26013cm',100),('D1INF26013td','1INF26013td',100),('D1INF26013tp','1INF26013tp',100),('D1INF26014cm','1INF26014cm',100),('D1INF26014tp','1INF26014tp',100),('D1INF26015cm','1INF26015cm',100),('D1INF26015td','1INF26015td',100),('D1INF26015tp','1INF26015tp',100),('D1INF26016cm','1INF26016cm',100),('D1INF26016td','1INF26016td',100),('D1INF26016tp','1INF26016tp',100),('D1INF26017cm','1INF26017cm',100),('D1INF26017td','1INF26017td',100),('D1INF26018tp','1INF26018tp',100),('D1INF2601cm','1INF2601cm',100),('D1INF2601td','1INF2601td',100),('D1INF2601tp','1INF2601tp',100),('D1INF3110cm','1INF3110cm',100),('D1INF3110tp','1INF3110tp',100),('D1INF3111cm','1INF3111cm',100),('D1INF3111td','1INF3111td',100),('D1INF3112cm','1INF3112cm',100),('D1INF3112td','1INF3112td',100),('D1INF3113cm','1INF3113cm',100),('D1INF3113tp','1INF3113tp',100),('D1INF3114cm','1INF3114cm',100),('D1INF3114td','1INF3114td',100),('D1INF3114tp','1INF3114tp',100),('D1INF3115cm','1INF3115cm',100),('D1INF3115td','1INF3115td',100),('D1INF3115tp','1INF3115tp',100),('D1INF3116cm','1INF3116cm',100),('D1INF3116tp','1INF3116tp',100),('D1INF3117cm','1INF3117cm',100),('D1INF3117tp','1INF3117tp',100),('D1INF3118cm','1INF3118cm',100),('D1INF3118tp','1INF3118tp',100),('D1INF3120cm','1INF3120cm',100),('D1INF3120tp','1INF3120tp',100),('D1INF3121cm','1INF3121cm',100),('D1INF3121td','1INF3121td',100),('D1INF3122cm','1INF3122cm',100),('D1INF3122tp','1INF3122tp',100),('D1INF3123cm','1INF3123cm',100),('D1INF3123td','1INF3123td',100),('D1INF3124cm','1INF3124cm',100),('D1INF3124td','1INF3124td',100),('D1INF3124tp','1INF3124tp',100),('D1INF3125cm','1INF3125cm',100),('D1INF3125tp','1INF3125tp',100),('D1INF3126cm','1INF3126cm',100),('D1INF3126tp','1INF3126tp',100),('D1INF3127cm','1INF3127cm',100),('D1INF3127tp','1INF3127tp',100),('D1INF3128cm','1INF3128cm',100),('D1INF3128tp','1INF3128tp',100),('D1INF3129cm','1INF3129cm',100),('D1INF3129tp','1INF3129tp',100),('D2INF1100cm','2INF1100cm',100),('D2INF1100td','2INF1100td',100),('D2INF1106cm','2INF1106cm',100),('D2INF1106td','2INF1106td',100),('D2INF1108cm','2INF1108cm',100),('D2INF1108td','2INF1108td',100),('D2INF1600cm','2INF1600cm',100),('D2INF1600tp','2INF1600tp',100),('D2INF1603cm','2INF1603cm',100),('D2INF1603td','2INF1603td',100),('D2INF1605cm','2INF1605cm',100),('D2INF1605td','2INF1605td',100),('D2INF1607cm','2INF1607cm',100),('D2INF1607td','2INF1607td',100),('D2INF2102cm','2INF2102cm',100),('D2INF2102td','2INF2102td',100),('D2INF2103cm','2INF2103cm',100),('D2INF2103td','2INF2103td',100),('D2INF2106cm','2INF2106cm',100),('D2INF2106td','2INF2106td',100),('D2INF2600cm','2INF2600cm',100),('D2INF2600tp','2INF2600tp',100),('D2INF26015tp','2INF26015tp',100),('D2INF26017cm','2INF26017cm',100),('D2INF26017td','2INF26017td',100),('D2INF3114','2INF3114',100),('D2INF3115cm','2INF3115cm',100),('D2INF3115td','2INF3115td',100),('D2INF3115tp','2INF3115tp',100),('D2INF3118cm','2INF3118cm',100),('D2INF3118tp','2INF3118tp',100),('D2INF3120cm','2INF3120cm',100),('D2INF3120td','2INF3120td',100),('D2INF3129cm','2INF3129cm',100),('D2INF3129td','2INF3129td',100),('D3INF26017cm','3INF26017cm',100),('D3INF26017td','3INF26017td',100),('D3INF3114cm','3INF3114cm',100),('D3INF3114tp','3INF3114tp',100),('D3INF3118cm','3INF3118cm',100),('D3INF3118tp','3INF3118tp',100),('D3INF3129','3INF3129',100),('N1INF1100cm','1INF1100cm',30),('N1INF1100tp','1INF1100tp',30),('N1INF1101cm','1INF1101cm',30),('N1INF1101td','1INF1101td',30),('N1INF1102cm','1INF1102cm',30),('N1INF1102tp','1INF1102tp',30),('N1INF1103cm','1INF1103cm',30),('N1INF1103td','1INF1103td',30),('N1INF1104cm','1INF1104cm',30),('N1INF1104td','1INF1104td',30),('N1INF1105cm','1INF1105cm',30),('N1INF1105td','1INF1105td',30),('N1INF1106cm','1INF1106cm',30),('N1INF1106td','1INF1106td',30),('N1INF1106tp','1INF1106tp',30),('N1INF1107cm','1INF1107cm',30),('N1INF1107td','1INF1107td',30),('N1INF1108cm','1INF1108cm',30),('N1INF1108td','1INF1108td',30),('N1INF1600cm','1INF1600cm',30),('N1INF1600td','1INF1600td',30),('N1INF1600tp','1INF1600tp',30),('N1INF1601cm','1INF1601cm',30),('N1INF1601td','1INF1601td',30),('N1INF1601tp','1INF1601tp',30),('N1INF1602cm','1INF1602cm',30),('N1INF1602td','1INF1602td',30),('N1INF1602tp','1INF1602tp',30),('N1INF1603cm','1INF1603cm',30),('N1INF1603td','1INF1603td',30),('N1INF1604cm','1INF1604cm',30),('N1INF1604td','1INF1604td',30),('N1INF1605cm','1INF1605cm',30),('N1INF1605td','1INF1605td',30),('N1INF1606cm','1INF1606cm',30),('N1INF1607cm','1INF1607cm',30),('N1INF1607td','1INF1607td',30),('N1INF2100cm','1INF2100cm',30),('N1INF2100td','1INF2100td',30),('N1INF2100tp','1INF2100tp',30),('N1INF2101cm','1INF2101cm',30),('N1INF2101tp','1INF2101tp',30),('N1INF2102cm','1INF2102cm',30),('N1INF2102tp','1INF2102tp',30),('N1INF2104cm','1INF2104cm',30),('N1INF2104td','1INF2104td',30),('N1INF2105cm','1INF2105cm',30),('N1INF2105td','1INF2105td',30),('N1INF2106cm','1INF2106cm',30),('N1INF2106td','1INF2106td',30),('N1INF2107cm','1INF2107cm',30),('N1INF2107td','1INF2107td',30),('N1INF2108cm','1INF2108cm',30),('N1INF2108td','1INF2108td',30),('N1INF2109cm','1INF2109cm',30),('N1INF2109td','1INF2109td',30),('N1INF2600cm','1INF2600cm',30),('N1INF2600tp','1INF2600tp',30),('N1INF26012cm','1INF26012cm',30),('N1INF26012td','1INF26012td',30),('N1INF26012tp','1INF26012tp',30),('N1INF26013cm','1INF26013cm',30),('N1INF26013td','1INF26013td',30),('N1INF26013tp','1INF26013tp',30),('N1INF26014cm','1INF26014cm',30),('N1INF26014tp','1INF26014tp',30),('N1INF26015cm','1INF26015cm',30),('N1INF26015td','1INF26015td',30),('N1INF26015tp','1INF26015tp',30),('N1INF26016cm','1INF26016cm',30),('N1INF26016td','1INF26016td',30),('N1INF26016tp','1INF26016tp',30),('N1INF26017cm','1INF26017cm',30),('N1INF26017td','1INF26017td',30),('N1INF26018tp','1INF26018tp',30),('N1INF2601cm','1INF2601cm',30),('N1INF2601td','1INF2601td',30),('N1INF2601tp','1INF2601tp',30),('N1INF3110cm','1INF3110cm',30),('N1INF3110tp','1INF3110tp',30),('N1INF3111cm','1INF3111cm',30),('N1INF3111td','1INF3111td',30),('N1INF3112cm','1INF3112cm',30),('N1INF3112td','1INF3112td',30),('N1INF3113cm','1INF3113cm',30),('N1INF3113tp','1INF3113tp',30),('N1INF3114cm','1INF3114cm',30),('N1INF3114td','1INF3114td',30),('N1INF3114tp','1INF3114tp',30),('N1INF3115cm','1INF3115cm',30),('N1INF3115td','1INF3115td',30),('N1INF3115tp','1INF3115tp',30),('N1INF3116cm','1INF3116cm',30),('N1INF3116tp','1INF3116tp',30),('N1INF3117cm','1INF3117cm',30),('N1INF3117tp','1INF3117tp',30),('N1INF3118cm','1INF3118cm',30),('N1INF3118tp','1INF3118tp',30),('N1INF3120cm','1INF3120cm',30),('N1INF3120tp','1INF3120tp',30),('N1INF3121cm','1INF3121cm',30),('N1INF3121td','1INF3121td',30),('N1INF3122cm','1INF3122cm',30),('N1INF3122tp','1INF3122tp',30),('N1INF3123cm','1INF3123cm',30),('N1INF3123td','1INF3123td',30),('N1INF3124cm','1INF3124cm',30),('N1INF3124td','1INF3124td',30),('N1INF3124tp','1INF3124tp',30),('N1INF3125cm','1INF3125cm',30),('N1INF3125tp','1INF3125tp',30),('N1INF3126cm','1INF3126cm',30),('N1INF3126tp','1INF3126tp',30),('N1INF3127cm','1INF3127cm',30),('N1INF3127tp','1INF3127tp',30),('N1INF3128cm','1INF3128cm',30),('N1INF3128tp','1INF3128tp',30),('N1INF3129cm','1INF3129cm',30),('N1INF3129tp','1INF3129tp',30),('N2INF1100cm','2INF1100cm',30),('N2INF1100td','2INF1100td',30),('N2INF1106cm','2INF1106cm',30),('N2INF1106td','2INF1106td',30),('N2INF1108cm','2INF1108cm',30),('N2INF1108td','2INF1108td',30),('N2INF1600cm','2INF1600cm',30),('N2INF1600tp','2INF1600tp',30),('N2INF1603cm','2INF1603cm',30),('N2INF1603td','2INF1603td',30),('N2INF1605cm','2INF1605cm',30),('N2INF1605td','2INF1605td',30),('N2INF1607cm','2INF1607cm',30),('N2INF1607td','2INF1607td',30),('N2INF2102cm','2INF2102cm',30),('N2INF2102td','2INF2102td',30),('N2INF2103cm','2INF2103cm',30),('N2INF2103td','2INF2103td',30),('N2INF2106cm','2INF2106cm',30),('N2INF2106td','2INF2106td',30),('N2INF2600cm','2INF2600cm',30),('N2INF2600tp','2INF2600tp',30),('N2INF26015tp','2INF26015tp',30),('N2INF26017cm','2INF26017cm',30),('N2INF26017td','2INF26017td',30),('N2INF3114','2INF3114',30),('N2INF3115cm','2INF3115cm',30),('N2INF3115td','2INF3115td',30),('N2INF3115tp','2INF3115tp',30),('N2INF3118cm','2INF3118cm',30),('N2INF3118tp','2INF3118tp',30),('N2INF3120cm','2INF3120cm',30),('N2INF3120td','2INF3120td',30),('N2INF3129cm','2INF3129cm',30),('N2INF3129td','2INF3129td',30),('N3INF26017cm','3INF26017cm',30),('N3INF26017td','3INF26017td',30),('N3INF3114cm','3INF3114cm',30),('N3INF3114tp','3INF3114tp',30),('N3INF3118cm','3INF3118cm',30),('N3INF3118tp','3INF3118tp',30),('N3INF3129','3INF3129',30);
/*!40000 ALTER TABLE `ScoreCompetence` ENABLE KEYS */;
UNLOCK TABLES;

--
-- Table structure for table `Semestre`
--

DROP TABLE IF EXISTS `Semestre`;
/*!40101 SET @saved_cs_client     = @@character_set_client */;
/*!50503 SET character_set_client = utf8mb4 */;
CREATE TABLE `Semestre` (
  `CodeSemestre` varchar(50) NOT NULL,
  `description` varchar(50) DEFAULT NULL,
  `CodeClassefk` varchar(50) DEFAULT NULL,
  PRIMARY KEY (`CodeSemestre`),
  KEY `CodeClassefk` (`CodeClassefk`),
  CONSTRAINT `Semestre_ibfk_1` FOREIGN KEY (`CodeClassefk`) REFERENCES `Classe` (`CodeClasse`)
) ENGINE=InnoDB DEFAULT CHARSET=utf8mb4 COLLATE=utf8mb4_0900_ai_ci;
/*!40101 SET character_set_client = @saved_cs_client */;

--
-- Dumping data for table `Semestre`
--

LOCK TABLES `Semestre` WRITE;
/*!40000 ALTER TABLE `Semestre` DISABLE KEYS */;
INSERT INTO `Semestre` VALUES ('S1','Premier semestre','ESI1'),('S2','Deuxieme semestre','ESI1'),('S3','Troisieme semestre','ESI2'),('S4','Quatrieme semestre','ESI2'),('S5RS','Semestre RS','ESI3'),('S5SI','Semestre SI','ESI3');
/*!40000 ALTER TABLE `Semestre` ENABLE KEYS */;
UNLOCK TABLES;
/*!40103 SET TIME_ZONE=@OLD_TIME_ZONE */;

/*!40101 SET SQL_MODE=@OLD_SQL_MODE */;
/*!40014 SET FOREIGN_KEY_CHECKS=@OLD_FOREIGN_KEY_CHECKS */;
/*!40014 SET UNIQUE_CHECKS=@OLD_UNIQUE_CHECKS */;
/*!40101 SET CHARACTER_SET_CLIENT=@OLD_CHARACTER_SET_CLIENT */;
/*!40101 SET CHARACTER_SET_RESULTS=@OLD_CHARACTER_SET_RESULTS */;
/*!40101 SET COLLATION_CONNECTION=@OLD_COLLATION_CONNECTION */;
/*!40111 SET SQL_NOTES=@OLD_SQL_NOTES */;

-- Dump completed on 2025-04-09  8:34:52
